{
  "name": "angular-moment",
  "description": "Moment.JS directives & filters for AngularJS (timeago alternative)",
  "author": "Uri Shaked",
  "license": "MIT",
  "homepage": "http://github.com/urish/angular-moment",
  "main": "./angular-moment.js",
  "ignore": [],
  "dependencies": {
    "angular": ">=1.2.0 <1.7.0",
    "moment": ">=2.8.0 <3.0.0"
  },
  "devDependencies": {
    "angular-mocks": "1.5.x",
    "moment-timezone": "0.4.0"
  },
  "repository": {
    "type": "git",
    "url": "git://github.com/urish/angular-moment.git"
  },
  "version": "1.1.0",
  "_release": "1.1.0",
  "_resolution": {
    "type": "version",
    "tag": "1.1.0",
    "commit": "64d7226851a137d46797464c550f1ff0214fe67b"
  },
  "_source": "https://github.com/urish/angular-moment.git",
  "_target": "^1.0.1",
  "_originalSource": "angular-moment"
}