{
  "name": "backand-vanilla-sdk",
  "description": "Backand SDK for JavaScript",
  "version": "1.1.11",
  "main": [
    "dist/backand.js"
  ],
  "ignore": [
    "node_modules",
    "bower_components",
    "src",
    "package.json",
    ".babelrc",
    ".gitignore",
    "gulpfile.babel.js"
  ],
  "dependencies": {},
  "authors": [
    "Backand"
  ],
  "license": "MIT",
  "repository": {
    "type": "git",
    "url": "git+https://github.com/backand/vanilla-sdk.git"
  },
  "homepage": "https://github.com/backand/vanilla-sdk#readme",
  "keywords": [
    "Backand",
    "backend",
    "backend sdk",
    "backend js",
    "backend javascript",
    "vanilla-sdk",
    "backend vanilla sdk"
  ],
  "private": false,
  "_release": "1.1.11",
  "_resolution": {
    "type": "version",
    "tag": "v1.1.11",
    "commit": "7c1b4141175e96e735ebfa200a2f5d7261ba9058"
  },
  "_source": "https://github.com/backand/vanilla-sdk.git",
  "_target": "^1.1.10",
  "_originalSource": "backand-vanilla-sdk"
}